Benchmark,Phi-3 Vision-128K-In1,LlaVA-1.6 Vicuna-7B,QWEN-VL Chat,Llama3-Llava-Next-8B,Claude-3 Haiku,Gemini 1.0 Pro V,GPT-4V-Turbo
MMMU,40.2,34.2,39,36.4,40.7,42,55.5
MMBench,80.5,76.3,75.8,79.4,62.4,80,86.1
ScienceQA,90.8,70.6,67.2,73.7,72,79.7,75.7
MathVista,44.5,31.5,29.4,34.8,33.2,35,47.5
InterGPS,38.1,20.5,22.3,24.6,32.1,28.6,41
AI2D,76.7,63.1,59.8,66.9,60.3,62.8,74.7
ChartQA,81.4,55,50.9,65.8,59.3,58,62.3
TextVQA,70.9,64.6,59.4,55.7,62.7,64.7,68.1
POPE,85.8,87.2,82.6,87,74.4,84.2,83.7
